vector_id,source_run_id,timestamp,raw_feature_values,preprocessed_feature_values,python_predicted_class,python_class_probabilities,expected_policy_state,expected_sampling_interval,expected_transmission_interval,model_version,feature_schema_checksum
EXCURSION_RISK_37_0,ambient_to_cold-20273326-d6e20610f903,2026-01-01T00:04:00+00:00,"{'current_temperature': 20.0333, 'previous_temperature': 20.5162, 'temperature_difference': -0.4829000000000008, 'temperature_slope': -0.0080483333333333, 'temperature_acceleration': -3.583333333333881e-06, 'distance_from_upper_limit': -12.0333, 'distance_from_lower_limit': 18.0333, 'distance_from_nearest_limit': 12.0333, 'sensor_currently_valid': 1.0, 'time_since_previous_valid_sample': 60.0, 'rolling_mean_5': 21.0049, 'rolling_standard_deviation_5': 0.7045146471153035, 'rolling_minimum_5': 20.0333, 'rolling_maximum_5': 22.0644, 'rolling_range_5': 2.0310999999999986, 'valid_ratio_5': 1.0, 'maximum_gap_seconds_5': 60.0, 'temperature_slope_ls_5': -0.0082839999999999, 'rolling_mean_10': 21.0049, 'rolling_standard_deviation_10': 0.7045146471153035, 'rolling_minimum_10': 20.0333, 'rolling_maximum_10': 22.0644, 'rolling_range_10': 2.0310999999999986, 'valid_ratio_10': 1.0, 'maximum_gap_seconds_10': 60.0, 'temperature_slope_ls_10': -0.0082839999999999, 'rolling_mean_20': 21.0049, 'rolling_standard_deviation_20': 0.7045146471153035, 'rolling_minimum_20': 20.0333, 'rolling_maximum_20': 22.0644, 'rolling_range_20': 2.0310999999999986, 'valid_ratio_20': 1.0, 'maximum_gap_seconds_20': 60.0, 'temperature_slope_ls_20': -0.0082839999999999}","{'current_temperature': 20.0333, 'previous_temperature': 20.5162, 'temperature_difference': -0.4829000000000008, 'temperature_slope': -0.0080483333333333, 'temperature_acceleration': -3.583333333333881e-06, 'distance_from_upper_limit': -12.0333, 'distance_from_lower_limit': 18.0333, 'distance_from_nearest_limit': 12.0333, 'sensor_currently_valid': 1.0, 'time_since_previous_valid_sample': 60.0, 'rolling_mean_5': 21.0049, 'rolling_standard_deviation_5': 0.7045146471153035, 'rolling_minimum_5': 20.0333, 'rolling_maximum_5': 22.0644, 'rolling_range_5': 2.0310999999999986, 'valid_ratio_5': 1.0, 'maximum_gap_seconds_5': 60.0, 'temperature_slope_ls_5': -0.0082839999999999, 'rolling_mean_10': 21.0049, 'rolling_standard_deviation_10': 0.7045146471153035, 'rolling_minimum_10': 20.0333, 'rolling_maximum_10': 22.0644, 'rolling_range_10': 2.0310999999999986, 'valid_ratio_10': 1.0, 'maximum_gap_seconds_10': 60.0, 'temperature_slope_ls_10': -0.0082839999999999, 'rolling_mean_20': 21.0049, 'rolling_standard_deviation_20': 0.7045146471153035, 'rolling_minimum_20': 20.0333, 'rolling_maximum_20': 22.0644, 'rolling_range_20': 2.0310999999999986, 'valid_ratio_20': 1.0, 'maximum_gap_seconds_20': 60.0, 'temperature_slope_ls_20': -0.0082839999999999}",EXCURSION_RISK,"{'EXCURSION_RISK': 0.9948744233726294, 'STABLE': 0.0020502306509482316, 'TRANSITION': 0.0030753459764223477}",EXCURSION_RISK,5.0,5.0,provisional_20260718_161144_decision_tree,68c818c42779f5573fe76699a52f5857315198b8e19a270e6dec7157c5d40dee
EXCURSION_RISK_37_1,ambient_to_cold-20273326-d6e20610f903,2026-01-01T00:05:00+00:00,"{'current_temperature': 19.8434, 'previous_temperature': 20.0333, 'temperature_difference': -0.1899000000000015, 'temperature_slope': -0.003165, 'temperature_acceleration': 8.138888888888868e-05, 'distance_from_upper_limit': -11.8434, 'distance_from_lower_limit': 17.8434, 'distance_from_nearest_limit': 11.8434, 'sensor_currently_valid': 1.0, 'time_since_previous_valid_sample': 60.0, 'rolling_mean_5': 20.560700000000004, 'rolling_standard_deviation_5': 0.586801199726111, 'rolling_minimum_5': 19.8434, 'rolling_maximum_5': 21.4244, 'rolling_range_5': 1.5809999999999995, 'valid_ratio_5': 1.0, 'maximum_gap_seconds_5': 60.0, 'temperature_slope_ls_5': -0.0068581666666666, 'rolling_mean_10': 20.811316666666663, 'rolling_standard_deviation_10': 0.7752354103037934, 'rolling_minimum_10': 19.8434, 'rolling_maximum_10': 22.0644, 'rolling_range_10': 2.221, 'valid_ratio_10': 1.0, 'maximum_gap_seconds_10': 60.0, 'temperature_slope_ls_10': -0.0074991904761904, 'rolling_mean_20': 20.811316666666663, 'rolling_standard_deviation_20': 0.7752354103037934, 'rolling_minimum_20': 19.8434, 'rolling_maximum_20': 22.0644, 'rolling_range_20': 2.221, 'valid_ratio_20': 1.0, 'maximum_gap_seconds_20': 60.0, 'temperature_slope_ls_20': -0.0074991904761904}","{'current_temperature': 19.8434, 'previous_temperature': 20.0333, 'temperature_difference': -0.1899000000000015, 'temperature_slope': -0.003165, 'temperature_acceleration': 8.138888888888868e-05, 'distance_from_upper_limit': -11.8434, 'distance_from_lower_limit': 17.8434, 'distance_from_nearest_limit': 11.8434, 'sensor_currently_valid': 1.0, 'time_since_previous_valid_sample': 60.0, 'rolling_mean_5': 20.560700000000004, 'rolling_standard_deviation_5': 0.586801199726111, 'rolling_minimum_5': 19.8434, 'rolling_maximum_5': 21.4244, 'rolling_range_5': 1.5809999999999995, 'valid_ratio_5': 1.0, 'maximum_gap_seconds_5': 60.0, 'temperature_slope_ls_5': -0.0068581666666666, 'rolling_mean_10': 20.811316666666663, 'rolling_standard_deviation_10': 0.7752354103037934, 'rolling_minimum_10': 19.8434, 'rolling_maximum_10': 22.0644, 'rolling_range_10': 2.221, 'valid_ratio_10': 1.0, 'maximum_gap_seconds_10': 60.0, 'temperature_slope_ls_10': -0.0074991904761904, 'rolling_mean_20': 20.811316666666663, 'rolling_standard_deviation_20': 0.7752354103037934, 'rolling_minimum_20': 19.8434, 'rolling_maximum_20': 22.0644, 'rolling_range_20': 2.221, 'valid_ratio_20': 1.0, 'maximum_gap_seconds_20': 60.0, 'temperature_slope_ls_20': -0.0074991904761904}",EXCURSION_RISK,"{'EXCURSION_RISK': 0.9948744233726294, 'STABLE': 0.0020502306509482316, 'TRANSITION': 0.0030753459764223477}",EXCURSION_RISK,5.0,5.0,provisional_20260718_161144_decision_tree,68c818c42779f5573fe76699a52f5857315198b8e19a270e6dec7157c5d40dee
EXCURSION_RISK_37_2,ambient_to_cold-20273326-d6e20610f903,2026-01-01T00:06:00+00:00,"{'current_temperature': 19.1468, 'previous_temperature': 19.8434, 'temperature_difference': -0.6966000000000001, 'temperature_slope': -0.01161, 'temperature_acceleration': -0.0001407499999999, 'distance_from_upper_limit': -11.1468, 'distance_from_lower_limit': 17.1468, 'distance_from_nearest_limit': 11.1468, 'sensor_currently_valid': 1.0, 'time_since_previous_valid_sample': 60.0, 'rolling_mean_5': 20.10518, 'rolling_standard_deviation_5': 0.6224662895290035, 'rolling_minimum_5': 19.1468, 'rolling_maximum_5': 20.9862, 'rolling_range_5': 1.8394000000000013, 'valid_ratio_5': 1.0, 'maximum_gap_seconds_5': 60.0, 'temperature_slope_ls_5': -0.0072526666666666, 'rolling_mean_10': 20.57352857142857, 'rolling_standard_deviation_10': 0.9243339790887074, 'rolling_minimum_10': 19.1468, 'rolling_maximum_10': 22.0644, 'rolling_range_10': 2.9176, 'valid_ratio_10': 1.0, 'maximum_gap_seconds_10': 60.0, 'temperature_slope_ls_10': -0.0076593452380952, 'rolling_mean_20': 20.57352857142857, 'rolling_standard_deviation_20': 0.9243339790887074, 'rolling_minimum_20': 19.1468, 'rolling_maximum_20': 22.0644, 'rolling_range_20': 2.9176, 'valid_ratio_20': 1.0, 'maximum_gap_seconds_20': 60.0, 'temperature_slope_ls_20': -0.0076593452380952}","{'current_temperature': 19.1468, 'previous_temperature': 19.8434, 'temperature_difference': -0.6966000000000001, 'temperature_slope': -0.01161, 'temperature_acceleration': -0.0001407499999999, 'distance_from_upper_limit': -11.1468, 'distance_from_lower_limit': 17.1468, 'distance_from_nearest_limit': 11.1468, 'sensor_currently_valid': 1.0, 'time_since_previous_valid_sample': 60.0, 'rolling_mean_5': 20.10518, 'rolling_standard_deviation_5': 0.6224662895290035, 'rolling_minimum_5': 19.1468, 'rolling_maximum_5': 20.9862, 'rolling_range_5': 1.8394000000000013, 'valid_ratio_5': 1.0, 'maximum_gap_seconds_5': 60.0, 'temperature_slope_ls_5': -0.0072526666666666, 'rolling_mean_10': 20.57352857142857, 'rolling_standard_deviation_10': 0.9243339790887074, 'rolling_minimum_10': 19.1468, 'rolling_maximum_10': 22.0644, 'rolling_range_10': 2.9176, 'valid_ratio_10': 1.0, 'maximum_gap_seconds_10': 60.0, 'temperature_slope_ls_10': -0.0076593452380952, 'rolling_mean_20': 20.57352857142857, 'rolling_standard_deviation_20': 0.9243339790887074, 'rolling_minimum_20': 19.1468, 'rolling_maximum_20': 22.0644, 'rolling_range_20': 2.9176, 'valid_ratio_20': 1.0, 'maximum_gap_seconds_20': 60.0, 'temperature_slope_ls_20': -0.0076593452380952}",EXCURSION_RISK,"{'EXCURSION_RISK': 0.9948744233726294, 'STABLE': 0.0020502306509482316, 'TRANSITION': 0.0030753459764223477}",EXCURSION_RISK,5.0,5.0,provisional_20260718_161144_decision_tree,68c818c42779f5573fe76699a52f5857315198b8e19a270e6dec7157c5d40dee
STABLE_37_48,ambient_to_cold-20273326-d6e20610f903,2026-01-01T00:52:00+00:00,"{'current_temperature': 7.9611, 'previous_temperature': 8.2235, 'temperature_difference': -0.2623999999999995, 'temperature_slope': -0.0043733333333333, 'temperature_acceleration': -1.955555555555537e-05, 'distance_from_upper_limit': 0.0388999999999999, 'distance_from_lower_limit': 5.9611, 'distance_from_nearest_limit': 0.0388999999999999, 'sensor_currently_valid': 1.0, 'time_since_previous_valid_sample': 60.0, 'rolling_mean_5': 8.304559999999999, 'rolling_standard_deviation_5': 0.2095841749755264, 'rolling_minimum_5': 7.9611, 'rolling_maximum_5': 8.591, 'rolling_range_5': 0.6298999999999992, 'valid_ratio_5': 1.0, 'maximum_gap_seconds_5': 60.0, 'temperature_slope_ls_5': -0.0022799999999999, 'rolling_mean_10': 8.6455, 'rolling_standard_deviation_10': 0.4069570886470028, 'rolling_minimum_10': 7.9611, 'rolling_maximum_10': 9.2976, 'rolling_range_10': 1.3364999999999991, 'valid_ratio_10': 1.0, 'maximum_gap_seconds_10': 60.0, 'temperature_slope_ls_10': -0.0023192323232323, 'rolling_mean_20': 9.408055, 'rolling_standard_deviation_20': 0.8907283219226455, 'rolling_minimum_20': 7.9611, 'rolling_maximum_20': 10.9718, 'rolling_range_20': 3.0107, 'valid_ratio_20': 1.0, 'maximum_gap_seconds_20': 60.0, 'temperature_slope_ls_20': -0.002561073934837}","{'current_temperature': 7.9611, 'previous_temperature': 8.2235, 'temperature_difference': -0.2623999999999995, 'temperature_slope': -0.0043733333333333, 'temperature_acceleration': -1.955555555555537e-05, 'distance_from_upper_limit': 0.0388999999999999, 'distance_from_lower_limit': 5.9611, 'distance_from_nearest_limit': 0.0388999999999999, 'sensor_currently_valid': 1.0, 'time_since_previous_valid_sample': 60.0, 'rolling_mean_5': 8.304559999999999, 'rolling_standard_deviation_5': 0.2095841749755264, 'rolling_minimum_5': 7.9611, 'rolling_maximum_5': 8.591, 'rolling_range_5': 0.6298999999999992, 'valid_ratio_5': 1.0, 'maximum_gap_seconds_5': 60.0, 'temperature_slope_ls_5': -0.0022799999999999, 'rolling_mean_10': 8.6455, 'rolling_standard_deviation_10': 0.4069570886470028, 'rolling_minimum_10': 7.9611, 'rolling_maximum_10': 9.2976, 'rolling_range_10': 1.3364999999999991, 'valid_ratio_10': 1.0, 'maximum_gap_seconds_10': 60.0, 'temperature_slope_ls_10': -0.0023192323232323, 'rolling_mean_20': 9.408055, 'rolling_standard_deviation_20': 0.8907283219226455, 'rolling_minimum_20': 7.9611, 'rolling_maximum_20': 10.9718, 'rolling_range_20': 3.0107, 'valid_ratio_20': 1.0, 'maximum_gap_seconds_20': 60.0, 'temperature_slope_ls_20': -0.002561073934837}",STABLE,"{'EXCURSION_RISK': 0.05405405405405406, 'STABLE': 0.9459459459459459, 'TRANSITION': 0.0}",STABLE,60.0,300.0,provisional_20260718_161144_decision_tree,68c818c42779f5573fe76699a52f5857315198b8e19a270e6dec7157c5d40dee
STABLE_37_49,ambient_to_cold-20273326-d6e20610f903,2026-01-01T00:53:00+00:00,"{'current_temperature': 7.9476, 'previous_temperature': 7.9611, 'temperature_difference': -0.0134999999999996, 'temperature_slope': -0.0002249999999999, 'temperature_acceleration': 6.913888888888886e-05, 'distance_from_upper_limit': 0.0523999999999995, 'distance_from_lower_limit': 5.9476, 'distance_from_nearest_limit': 0.0523999999999995, 'sensor_currently_valid': 1.0, 'time_since_previous_valid_sample': 60.0, 'rolling_mean_5': 8.17588, 'rolling_standard_deviation_5': 0.1908965625677289, 'rolling_minimum_5': 7.9476, 'rolling_maximum_5': 8.4155, 'rolling_range_5': 0.4678999999999993, 'valid_ratio_5': 1.0, 'maximum_gap_seconds_5': 60.0, 'temperature_slope_ls_5': -0.0020376666666666, 'rolling_mean_10': 8.510499999999999, 'rolling_standard_deviation_10': 0.3918827273560875, 'rolling_minimum_10': 7.9476, 'rolling_maximum_10': 9.1435, 'rolling_range_10': 1.195899999999999, 'valid_ratio_10': 1.0, 'maximum_gap_seconds_10': 60.0, 'temperature_slope_ls_10': -0.0022291313131313, 'rolling_mean_20': 9.256845, 'rolling_standard_deviation_20': 0.8688578701232642, 'rolling_minimum_20': 7.9476, 'rolling_maximum_20': 10.928, 'rolling_range_20': 2.9804000000000004, 'valid_ratio_20': 1.0, 'maximum_gap_seconds_20': 60.0, 'temperature_slope_ls_20': -0.0024972894736842}","{'current_temperature': 7.9476, 'previous_temperature': 7.9611, 'temperature_difference': -0.0134999999999996, 'temperature_slope': -0.0002249999999999, 'temperature_acceleration': 6.913888888888886e-05, 'distance_from_upper_limit': 0.0523999999999995, 'distance_from_lower_limit': 5.9476, 'distance_from_nearest_limit': 0.0523999999999995, 'sensor_currently_valid': 1.0, 'time_since_previous_valid_sample': 60.0, 'rolling_mean_5': 8.17588, 'rolling_standard_deviation_5': 0.1908965625677289, 'rolling_minimum_5': 7.9476, 'rolling_maximum_5': 8.4155, 'rolling_range_5': 0.4678999999999993, 'valid_ratio_5': 1.0, 'maximum_gap_seconds_5': 60.0, 'temperature_slope_ls_5': -0.0020376666666666, 'rolling_mean_10': 8.510499999999999, 'rolling_standard_deviation_10': 0.3918827273560875, 'rolling_minimum_10': 7.9476, 'rolling_maximum_10': 9.1435, 'rolling_range_10': 1.195899999999999, 'valid_ratio_10': 1.0, 'maximum_gap_seconds_10': 60.0, 'temperature_slope_ls_10': -0.0022291313131313, 'rolling_mean_20': 9.256845, 'rolling_standard_deviation_20': 0.8688578701232642, 'rolling_minimum_20': 7.9476, 'rolling_maximum_20': 10.928, 'rolling_range_20': 2.9804000000000004, 'valid_ratio_20': 1.0, 'maximum_gap_seconds_20': 60.0, 'temperature_slope_ls_20': -0.0024972894736842}",STABLE,"{'EXCURSION_RISK': 0.05405405405405406, 'STABLE': 0.9459459459459459, 'TRANSITION': 0.0}",STABLE,60.0,300.0,provisional_20260718_161144_decision_tree,68c818c42779f5573fe76699a52f5857315198b8e19a270e6dec7157c5d40dee
STABLE_37_50,ambient_to_cold-20273326-d6e20610f903,2026-01-01T00:54:00+00:00,"{'current_temperature': 7.8729, 'previous_temperature': 7.9476, 'temperature_difference': -0.0747000000000008, 'temperature_slope': -0.001245, 'temperature_acceleration': -1.700000000000035e-05, 'distance_from_upper_limit': 0.1271000000000004, 'distance_from_lower_limit': 5.8729, 'distance_from_nearest_limit': 0.1271000000000004, 'sensor_currently_valid': 1.0, 'time_since_previous_valid_sample': 60.0, 'rolling_mean_5': 8.08412, 'rolling_standard_deviation_5': 0.203776842649445, 'rolling_minimum_5': 7.8729, 'rolling_maximum_5': 8.4155, 'rolling_range_5': 0.5426000000000002, 'valid_ratio_5': 1.0, 'maximum_gap_seconds_5': 60.0, 'temperature_slope_ls_5': -0.0022684999999999, 'rolling_mean_10': 8.38344, 'rolling_standard_deviation_10': 0.3715000732167449, 'rolling_minimum_10': 7.8729, 'rolling_maximum_10': 9.0606, 'rolling_range_10': 1.1877000000000013, 'valid_ratio_10': 1.0, 'maximum_gap_seconds_10': 60.0, 'temperature_slope_ls_10': -0.0021054343434343, 'rolling_mean_20': 9.10409, 'rolling_standard_deviation_20': 0.8292811012558635, 'rolling_minimum_20': 7.8729, 'rolling_maximum_20': 10.5713, 'rolling_range_20': 2.698400000000001, 'valid_ratio_20': 1.0, 'maximum_gap_seconds_20': 60.0, 'temperature_slope_ls_20': -0.0023870225563909}","{'current_temperature': 7.8729, 'previous_temperature': 7.9476, 'temperature_difference': -0.0747000000000008, 'temperature_slope': -0.001245, 'temperature_acceleration': -1.700000000000035e-05, 'distance_from_upper_limit': 0.1271000000000004, 'distance_from_lower_limit': 5.8729, 'distance_from_nearest_limit': 0.1271000000000004, 'sensor_currently_valid': 1.0, 'time_since_previous_valid_sample': 60.0, 'rolling_mean_5': 8.08412, 'rolling_standard_deviation_5': 0.203776842649445, 'rolling_minimum_5': 7.8729, 'rolling_maximum_5': 8.4155, 'rolling_range_5': 0.5426000000000002, 'valid_ratio_5': 1.0, 'maximum_gap_seconds_5': 60.0, 'temperature_slope_ls_5': -0.0022684999999999, 'rolling_mean_10': 8.38344, 'rolling_standard_deviation_10': 0.3715000732167449, 'rolling_minimum_10': 7.8729, 'rolling_maximum_10': 9.0606, 'rolling_range_10': 1.1877000000000013, 'valid_ratio_10': 1.0, 'maximum_gap_seconds_10': 60.0, 'temperature_slope_ls_10': -0.0021054343434343, 'rolling_mean_20': 9.10409, 'rolling_standard_deviation_20': 0.8292811012558635, 'rolling_minimum_20': 7.8729, 'rolling_maximum_20': 10.5713, 'rolling_range_20': 2.698400000000001, 'valid_ratio_20': 1.0, 'maximum_gap_seconds_20': 60.0, 'temperature_slope_ls_20': -0.0023870225563909}",STABLE,"{'EXCURSION_RISK': 0.05405405405405406, 'STABLE': 0.9459459459459459, 'TRANSITION': 0.0}",STABLE,60.0,300.0,provisional_20260718_161144_decision_tree,68c818c42779f5573fe76699a52f5857315198b8e19a270e6dec7157c5d40dee
TRANSITION_37_235,gradual_warming-20273477-65d1c0a8837b,2026-01-01T00:21:00+00:00,"{'current_temperature': 4.9236, 'previous_temperature': 5.0055, 'temperature_difference': -0.0818999999999992, 'temperature_slope': -0.0013649999999999, 'temperature_acceleration': -2.963888888888865e-05, 'distance_from_upper_limit': 3.0764, 'distance_from_lower_limit': 2.9236000000000004, 'distance_from_nearest_limit': 2.9236000000000004, 'sensor_currently_valid': 1.0, 'time_since_previous_valid_sample': 60.0, 'rolling_mean_5': 4.884, 'rolling_standard_deviation_5': 0.1092236238183033, 'rolling_minimum_5': 4.7359, 'rolling_maximum_5': 5.0055, 'rolling_range_5': 0.2695999999999996, 'valid_ratio_5': 1.0, 'maximum_gap_seconds_5': 60.0, 'temperature_slope_ls_5': 0.0009469999999999, 'rolling_mean_10': 4.72818, 'rolling_standard_deviation_10': 0.205671241548255, 'rolling_minimum_10': 4.3671, 'rolling_maximum_10': 5.0055, 'rolling_range_10': 0.6383999999999999, 'valid_ratio_10': 1.0, 'maximum_gap_seconds_10': 60.0, 'temperature_slope_ls_10': 0.0011199191919191, 'rolling_mean_20': 4.37408, 'rolling_standard_deviation_20': 0.4126570908151221, 'rolling_minimum_20': 3.6832, 'rolling_maximum_20': 5.0055, 'rolling_range_20': 1.3222999999999998, 'valid_ratio_20': 1.0, 'maximum_gap_seconds_20': 60.0, 'temperature_slope_ls_20': 0.0011768320802005}","{'current_temperature': 4.9236, 'previous_temperature': 5.0055, 'temperature_difference': -0.0818999999999992, 'temperature_slope': -0.0013649999999999, 'temperature_acceleration': -2.963888888888865e-05, 'distance_from_upper_limit': 3.0764, 'distance_from_lower_limit': 2.9236000000000004, 'distance_from_nearest_limit': 2.9236000000000004, 'sensor_currently_valid': 1.0, 'time_since_previous_valid_sample': 60.0, 'rolling_mean_5': 4.884, 'rolling_standard_deviation_5': 0.1092236238183033, 'rolling_minimum_5': 4.7359, 'rolling_maximum_5': 5.0055, 'rolling_range_5': 0.2695999999999996, 'valid_ratio_5': 1.0, 'maximum_gap_seconds_5': 60.0, 'temperature_slope_ls_5': 0.0009469999999999, 'rolling_mean_10': 4.72818, 'rolling_standard_deviation_10': 0.205671241548255, 'rolling_minimum_10': 4.3671, 'rolling_maximum_10': 5.0055, 'rolling_range_10': 0.6383999999999999, 'valid_ratio_10': 1.0, 'maximum_gap_seconds_10': 60.0, 'temperature_slope_ls_10': 0.0011199191919191, 'rolling_mean_20': 4.37408, 'rolling_standard_deviation_20': 0.4126570908151221, 'rolling_minimum_20': 3.6832, 'rolling_maximum_20': 5.0055, 'rolling_range_20': 1.3222999999999998, 'valid_ratio_20': 1.0, 'maximum_gap_seconds_20': 60.0, 'temperature_slope_ls_20': 0.0011768320802005}",TRANSITION,"{'EXCURSION_RISK': 0.014141414141414142, 'STABLE': 0.01616161616161616, 'TRANSITION': 0.9696969696969697}",TRANSITION,15.0,60.0,provisional_20260718_161144_decision_tree,68c818c42779f5573fe76699a52f5857315198b8e19a270e6dec7157c5d40dee
TRANSITION_37_236,gradual_warming-20273477-65d1c0a8837b,2026-01-01T00:22:00+00:00,"{'current_temperature': 5.083, 'previous_temperature': 4.9236, 'temperature_difference': 0.1593999999999997, 'temperature_slope': 0.0026566666666666, 'temperature_acceleration': 6.702777777777748e-05, 'distance_from_upper_limit': 2.917, 'distance_from_lower_limit': 3.083, 'distance_from_nearest_limit': 2.917, 'sensor_currently_valid': 1.0, 'time_since_previous_valid_sample': 60.0, 'rolling_mean_5': 4.945739999999999, 'rolling_standard_deviation_5': 0.1167533913854431, 'rolling_minimum_5': 4.7359, 'rolling_maximum_5': 5.083, 'rolling_range_5': 0.3471000000000002, 'valid_ratio_5': 1.0, 'maximum_gap_seconds_5': 60.0, 'temperature_slope_ls_5': 0.0010618333333333, 'rolling_mean_10': 4.79977, 'rolling_standard_deviation_10': 0.191643883544455, 'rolling_minimum_10': 4.4411, 'rolling_maximum_10': 5.083, 'rolling_range_10': 0.6419000000000006, 'valid_ratio_10': 1.0, 'maximum_gap_seconds_10': 60.0, 'temperature_slope_ls_10': 0.0010412828282828, 'rolling_mean_20': 4.44407, 'rolling_standard_deviation_20': 0.4082277478320159, 'rolling_minimum_20': 3.7897, 'rolling_maximum_20': 5.083, 'rolling_range_20': 1.2933000000000003, 'valid_ratio_20': 1.0, 'maximum_gap_seconds_20': 60.0, 'temperature_slope_ls_20': 0.0011638120300751}","{'current_temperature': 5.083, 'previous_temperature': 4.9236, 'temperature_difference': 0.1593999999999997, 'temperature_slope': 0.0026566666666666, 'temperature_acceleration': 6.702777777777748e-05, 'distance_from_upper_limit': 2.917, 'distance_from_lower_limit': 3.083, 'distance_from_nearest_limit': 2.917, 'sensor_currently_valid': 1.0, 'time_since_previous_valid_sample': 60.0, 'rolling_mean_5': 4.945739999999999, 'rolling_standard_deviation_5': 0.1167533913854431, 'rolling_minimum_5': 4.7359, 'rolling_maximum_5': 5.083, 'rolling_range_5': 0.3471000000000002, 'valid_ratio_5': 1.0, 'maximum_gap_seconds_5': 60.0, 'temperature_slope_ls_5': 0.0010618333333333, 'rolling_mean_10': 4.79977, 'rolling_standard_deviation_10': 0.191643883544455, 'rolling_minimum_10': 4.4411, 'rolling_maximum_10': 5.083, 'rolling_range_10': 0.6419000000000006, 'valid_ratio_10': 1.0, 'maximum_gap_seconds_10': 60.0, 'temperature_slope_ls_10': 0.0010412828282828, 'rolling_mean_20': 4.44407, 'rolling_standard_deviation_20': 0.4082277478320159, 'rolling_minimum_20': 3.7897, 'rolling_maximum_20': 5.083, 'rolling_range_20': 1.2933000000000003, 'valid_ratio_20': 1.0, 'maximum_gap_seconds_20': 60.0, 'temperature_slope_ls_20': 0.0011638120300751}",TRANSITION,"{'EXCURSION_RISK': 0.014141414141414142, 'STABLE': 0.01616161616161616, 'TRANSITION': 0.9696969696969697}",TRANSITION,15.0,60.0,provisional_20260718_161144_decision_tree,68c818c42779f5573fe76699a52f5857315198b8e19a270e6dec7157c5d40dee
TRANSITION_37_237,gradual_warming-20273477-65d1c0a8837b,2026-01-01T00:23:00+00:00,"{'current_temperature': 5.3596, 'previous_temperature': 5.083, 'temperature_difference': 0.2766000000000002, 'temperature_slope': 0.00461, 'temperature_acceleration': 3.255555555555567e-05, 'distance_from_upper_limit': 2.6404, 'distance_from_lower_limit': 3.3596000000000004, 'distance_from_nearest_limit': 2.6404, 'sensor_currently_valid': 1.0, 'time_since_previous_valid_sample': 60.0, 'rolling_mean_5': 5.070480000000001, 'rolling_standard_deviation_5': 0.153364733886259, 'rolling_minimum_5': 4.9236, 'rolling_maximum_5': 5.3596, 'rolling_range_5': 0.4359999999999999, 'valid_ratio_5': 1.0, 'maximum_gap_seconds_5': 60.0, 'temperature_slope_ls_5': 0.0013921666666666, 'rolling_mean_10': 4.8916200000000005, 'rolling_standard_deviation_10': 0.2162579515301129, 'rolling_minimum_10': 4.5609, 'rolling_maximum_10': 5.3596, 'rolling_range_10': 0.7987000000000002, 'valid_ratio_10': 1.0, 'maximum_gap_seconds_10': 60.0, 'temperature_slope_ls_10': 0.0011516969696969, 'rolling_mean_20': 4.52229, 'rolling_standard_deviation_20': 0.4258986627121527, 'rolling_minimum_20': 3.7897, 'rolling_maximum_20': 5.3596, 'rolling_range_20': 1.5699000000000003, 'valid_ratio_20': 1.0, 'maximum_gap_seconds_20': 60.0, 'temperature_slope_ls_20': 0.0012110401002506}","{'current_temperature': 5.3596, 'previous_temperature': 5.083, 'temperature_difference': 0.2766000000000002, 'temperature_slope': 0.00461, 'temperature_acceleration': 3.255555555555567e-05, 'distance_from_upper_limit': 2.6404, 'distance_from_lower_limit': 3.3596000000000004, 'distance_from_nearest_limit': 2.6404, 'sensor_currently_valid': 1.0, 'time_since_previous_valid_sample': 60.0, 'rolling_mean_5': 5.070480000000001, 'rolling_standard_deviation_5': 0.153364733886259, 'rolling_minimum_5': 4.9236, 'rolling_maximum_5': 5.3596, 'rolling_range_5': 0.4359999999999999, 'valid_ratio_5': 1.0, 'maximum_gap_seconds_5': 60.0, 'temperature_slope_ls_5': 0.0013921666666666, 'rolling_mean_10': 4.8916200000000005, 'rolling_standard_deviation_10': 0.2162579515301129, 'rolling_minimum_10': 4.5609, 'rolling_maximum_10': 5.3596, 'rolling_range_10': 0.7987000000000002, 'valid_ratio_10': 1.0, 'maximum_gap_seconds_10': 60.0, 'temperature_slope_ls_10': 0.0011516969696969, 'rolling_mean_20': 4.52229, 'rolling_standard_deviation_20': 0.4258986627121527, 'rolling_minimum_20': 3.7897, 'rolling_maximum_20': 5.3596, 'rolling_range_20': 1.5699000000000003, 'valid_ratio_20': 1.0, 'maximum_gap_seconds_20': 60.0, 'temperature_slope_ls_20': 0.0012110401002506}",TRANSITION,"{'EXCURSION_RISK': 0.014141414141414142, 'STABLE': 0.01616161616161616, 'TRANSITION': 0.9696969696969697}",TRANSITION,15.0,60.0,provisional_20260718_161144_decision_tree,68c818c42779f5573fe76699a52f5857315198b8e19a270e6dec7157c5d40dee
near_threshold_37_299,gradual_warming-20273477-65d1c0a8837b,2026-01-01T01:25:00+00:00,"{'current_temperature': 8.0194, 'previous_temperature': 8.0816, 'temperature_difference': -0.0622000000000007, 'temperature_slope': -0.0010366666666666, 'temperature_acceleration': -2.933333333333356e-05, 'distance_from_upper_limit': -0.0193999999999991, 'distance_from_lower_limit': 6.019399999999999, 'distance_from_nearest_limit': 0.0193999999999991, 'sensor_currently_valid': 1.0, 'time_since_previous_valid_sample': 60.0, 'rolling_mean_5': 8.01086, 'rolling_standard_deviation_5': 0.0482868760639139, 'rolling_minimum_5': 7.9489, 'rolling_maximum_5': 8.0816, 'rolling_range_5': 0.1326999999999998, 'valid_ratio_5': 1.0, 'maximum_gap_seconds_5': 60.0, 'temperature_slope_ls_5': 0.0003984999999999, 'rolling_mean_10': 7.917669999999999, 'rolling_standard_deviation_10': 0.1186936481029936, 'rolling_minimum_10': 7.7162, 'rolling_maximum_10': 8.0816, 'rolling_range_10': 0.3654000000000001, 'valid_ratio_10': 1.0, 'maximum_gap_seconds_10': 60.0, 'temperature_slope_ls_10': 0.0006426161616161, 'rolling_mean_20': 7.745485, 'rolling_standard_deviation_20': 0.2085333553056022, 'rolling_minimum_20': 7.4027, 'rolling_maximum_20': 8.0816, 'rolling_range_20': 0.6788999999999996, 'valid_ratio_20': 1.0, 'maximum_gap_seconds_20': 60.0, 'temperature_slope_ls_20': 0.0005728032581453}","{'current_temperature': 8.0194, 'previous_temperature': 8.0816, 'temperature_difference': -0.0622000000000007, 'temperature_slope': -0.0010366666666666, 'temperature_acceleration': -2.933333333333356e-05, 'distance_from_upper_limit': -0.0193999999999991, 'distance_from_lower_limit': 6.019399999999999, 'distance_from_nearest_limit': 0.0193999999999991, 'sensor_currently_valid': 1.0, 'time_since_previous_valid_sample': 60.0, 'rolling_mean_5': 8.01086, 'rolling_standard_deviation_5': 0.0482868760639139, 'rolling_minimum_5': 7.9489, 'rolling_maximum_5': 8.0816, 'rolling_range_5': 0.1326999999999998, 'valid_ratio_5': 1.0, 'maximum_gap_seconds_5': 60.0, 'temperature_slope_ls_5': 0.0003984999999999, 'rolling_mean_10': 7.917669999999999, 'rolling_standard_deviation_10': 0.1186936481029936, 'rolling_minimum_10': 7.7162, 'rolling_maximum_10': 8.0816, 'rolling_range_10': 0.3654000000000001, 'valid_ratio_10': 1.0, 'maximum_gap_seconds_10': 60.0, 'temperature_slope_ls_10': 0.0006426161616161, 'rolling_mean_20': 7.745485, 'rolling_standard_deviation_20': 0.2085333553056022, 'rolling_minimum_20': 7.4027, 'rolling_maximum_20': 8.0816, 'rolling_range_20': 0.6788999999999996, 'valid_ratio_20': 1.0, 'maximum_gap_seconds_20': 60.0, 'temperature_slope_ls_20': 0.0005728032581453}",EXCURSION_RISK,"{'EXCURSION_RISK': 0.96, 'STABLE': 0.013333333333333334, 'TRANSITION': 0.02666666666666667}",EXCURSION_RISK,5.0,5.0,provisional_20260718_161144_decision_tree,68c818c42779f5573fe76699a52f5857315198b8e19a270e6dec7157c5d40dee
near_threshold_37_407,gradual_warming-20273478-447400f8938d,2026-01-01T01:24:00+00:00,"{'current_temperature': 7.9775, 'previous_temperature': 8.0719, 'temperature_difference': -0.0943999999999993, 'temperature_slope': -0.0015733333333333, 'temperature_acceleration': -3.994444444444387e-05, 'distance_from_upper_limit': 0.0224999999999999, 'distance_from_lower_limit': 5.9775, 'distance_from_nearest_limit': 0.0224999999999999, 'sensor_currently_valid': 1.0, 'time_since_previous_valid_sample': 60.0, 'rolling_mean_5': 7.982439999999999, 'rolling_standard_deviation_5': 0.0590288607377038, 'rolling_minimum_5': 7.9163, 'rolling_maximum_5': 8.0719, 'rolling_range_5': 0.1555999999999997, 'valid_ratio_5': 1.0, 'maximum_gap_seconds_5': 60.0, 'temperature_slope_ls_5': 0.0004504999999999, 'rolling_mean_10': 7.88193, 'rolling_standard_deviation_10': 0.1189507297161368, 'rolling_minimum_10': 7.6953, 'rolling_maximum_10': 8.0719, 'rolling_range_10': 0.3765999999999998, 'valid_ratio_10': 1.0, 'maximum_gap_seconds_10': 60.0, 'temperature_slope_ls_10': 0.0005993838383838, 'rolling_mean_20': 7.68547, 'rolling_standard_deviation_20': 0.2358731313651291, 'rolling_minimum_20': 7.3049, 'rolling_maximum_20': 8.0719, 'rolling_range_20': 0.7669999999999995, 'valid_ratio_20': 1.0, 'maximum_gap_seconds_20': 60.0, 'temperature_slope_ls_20': 0.0006492005012531}","{'current_temperature': 7.9775, 'previous_temperature': 8.0719, 'temperature_difference': -0.0943999999999993, 'temperature_slope': -0.0015733333333333, 'temperature_acceleration': -3.994444444444387e-05, 'distance_from_upper_limit': 0.0224999999999999, 'distance_from_lower_limit': 5.9775, 'distance_from_nearest_limit': 0.0224999999999999, 'sensor_currently_valid': 1.0, 'time_since_previous_valid_sample': 60.0, 'rolling_mean_5': 7.982439999999999, 'rolling_standard_deviation_5': 0.0590288607377038, 'rolling_minimum_5': 7.9163, 'rolling_maximum_5': 8.0719, 'rolling_range_5': 0.1555999999999997, 'valid_ratio_5': 1.0, 'maximum_gap_seconds_5': 60.0, 'temperature_slope_ls_5': 0.0004504999999999, 'rolling_mean_10': 7.88193, 'rolling_standard_deviation_10': 0.1189507297161368, 'rolling_minimum_10': 7.6953, 'rolling_maximum_10': 8.0719, 'rolling_range_10': 0.3765999999999998, 'valid_ratio_10': 1.0, 'maximum_gap_seconds_10': 60.0, 'temperature_slope_ls_10': 0.0005993838383838, 'rolling_mean_20': 7.68547, 'rolling_standard_deviation_20': 0.2358731313651291, 'rolling_minimum_20': 7.3049, 'rolling_maximum_20': 8.0719, 'rolling_range_20': 0.7669999999999995, 'valid_ratio_20': 1.0, 'maximum_gap_seconds_20': 60.0, 'temperature_slope_ls_20': 0.0006492005012531}",EXCURSION_RISK,"{'EXCURSION_RISK': 0.96, 'STABLE': 0.013333333333333334, 'TRANSITION': 0.02666666666666667}",EXCURSION_RISK,5.0,5.0,provisional_20260718_161144_decision_tree,68c818c42779f5573fe76699a52f5857315198b8e19a270e6dec7157c5d40dee
near_threshold_37_405,gradual_warming-20273478-447400f8938d,2026-01-01T01:22:00+00:00,"{'current_temperature': 8.0225, 'previous_temperature': 7.924, 'temperature_difference': 0.0985000000000004, 'temperature_slope': 0.0016416666666666, 'temperature_acceleration': 2.522222222222216e-05, 'distance_from_upper_limit': -0.0225000000000008, 'distance_from_lower_limit': 6.022500000000001, 'distance_from_nearest_limit': 0.0225000000000008, 'sensor_currently_valid': 1.0, 'time_since_previous_valid_sample': 60.0, 'rolling_mean_5': 7.89134, 'rolling_standard_deviation_5': 0.107123304653989, 'rolling_minimum_5': 7.6953, 'rolling_maximum_5': 8.0225, 'rolling_range_5': 0.3272000000000012, 'valid_ratio_5': 1.0, 'maximum_gap_seconds_5': 60.0, 'temperature_slope_ls_5': 0.001133, 'rolling_mean_10': 7.8118, 'rolling_standard_deviation_10': 0.1204254956394257, 'rolling_minimum_10': 7.5982, 'rolling_maximum_10': 8.0225, 'rolling_range_10': 0.4243000000000005, 'valid_ratio_10': 1.0, 'maximum_gap_seconds_10': 60.0, 'temperature_slope_ls_10': 0.0005834545454545, 'rolling_mean_20': 7.606669999999999, 'rolling_standard_deviation_20': 0.2408278868818802, 'rolling_minimum_20': 7.1964, 'rolling_maximum_20': 8.0225, 'rolling_range_20': 0.8261000000000012, 'valid_ratio_20': 1.0, 'maximum_gap_seconds_20': 60.0, 'temperature_slope_ls_20': 0.0006668020050125}","{'current_temperature': 8.0225, 'previous_temperature': 7.924, 'temperature_difference': 0.0985000000000004, 'temperature_slope': 0.0016416666666666, 'temperature_acceleration': 2.522222222222216e-05, 'distance_from_upper_limit': -0.0225000000000008, 'distance_from_lower_limit': 6.022500000000001, 'distance_from_nearest_limit': 0.0225000000000008, 'sensor_currently_valid': 1.0, 'time_since_previous_valid_sample': 60.0, 'rolling_mean_5': 7.89134, 'rolling_standard_deviation_5': 0.107123304653989, 'rolling_minimum_5': 7.6953, 'rolling_maximum_5': 8.0225, 'rolling_range_5': 0.3272000000000012, 'valid_ratio_5': 1.0, 'maximum_gap_seconds_5': 60.0, 'temperature_slope_ls_5': 0.001133, 'rolling_mean_10': 7.8118, 'rolling_standard_deviation_10': 0.1204254956394257, 'rolling_minimum_10': 7.5982, 'rolling_maximum_10': 8.0225, 'rolling_range_10': 0.4243000000000005, 'valid_ratio_10': 1.0, 'maximum_gap_seconds_10': 60.0, 'temperature_slope_ls_10': 0.0005834545454545, 'rolling_mean_20': 7.606669999999999, 'rolling_standard_deviation_20': 0.2408278868818802, 'rolling_minimum_20': 7.1964, 'rolling_maximum_20': 8.0225, 'rolling_range_20': 0.8261000000000012, 'valid_ratio_20': 1.0, 'maximum_gap_seconds_20': 60.0, 'temperature_slope_ls_20': 0.0006668020050125}",EXCURSION_RISK,"{'EXCURSION_RISK': 0.96, 'STABLE': 0.013333333333333334, 'TRANSITION': 0.02666666666666667}",EXCURSION_RISK,5.0,5.0,provisional_20260718_161144_decision_tree,68c818c42779f5573fe76699a52f5857315198b8e19a270e6dec7157c5d40dee
